DROP TABLE Professores;
CREATE TABLE Professores (
	BiP Integer primary key,
	MoradaP varchar(255),
	NomeP varchar(50),
	NIFP Integer
);

INSERT INTO Professores VALUES (45667321,'Rua Grande, N 4, Evora','Susana',874328906);
INSERT INTO Professores VALUES (67183941,'Rua Media, Bloco 13B, 2 Esquerdo, Evora','Marta',646375826);
INSERT INTO Professores VALUES (72664819,'Rua Pequena, N 5, Evora','Marco',461731991);
INSERT INTO Professores VALUES (82764628,'Largo Mais, N 20, Evora','Silvia',345768697);
INSERT INTO Professores VALUES (74625618,'Avenida Menos, Bloco 2A, 1 Direito, Evora','Francisco',367488591);

DROP TABLE Alunos;
CREATE TABLE Alunos (
	BiA Integer primary key,
	NomeA varchar(50),
	TelefoneA Integer
);

INSERT INTO Alunos VALUES (19834572,'Manuel',961468966);
INSERT INTO Alunos VALUES (38627349,'Pedro',925672222);
INSERT INTO Alunos VALUES (56482919,'Susana',929712456);
INSERT INTO Alunos VALUES (99560918,'Catarina',933171812);
INSERT INTO Alunos VALUES (25678691,'Carolina',926785889);
INSERT INTO Alunos VALUES (34298754,'Joao',917161829);
INSERT INTO Alunos VALUES (34576890,'Claudia',960987621);
INSERT INTO Alunos VALUES (76438992,'Luis',965562591);
INSERT INTO Alunos VALUES (44685321,'Maria',938906789);
INSERT INTO Alunos VALUES (53289007,'Ines',926528124);
INSERT INTO Alunos VALUES (35637819,'Sofia',937890652);
INSERT INTO Alunos VALUES (45672839,'Miguel',964158901);


DROP TABLE Disciplinas;
CREATE TABLE Disciplinas (
	CodD integer primary key,
	NomeD varchar (40)
);

INSERT INTO Disciplinas VALUES (1,'Coro');
INSERT INTO Disciplinas VALUES (2,'Formacao Musical');
INSERT INTO Disciplinas VALUES (3,'Iniciacao Musical');
INSERT INTO Disciplinas VALUES (4,'Instrumento viola');
INSERT INTO Disciplinas VALUES (5,'Instrumento Piano');
INSERT INTO Disciplinas VALUES (6,'Instrumento Flauta de Bisel');

DROP TABLE Turma;
CREATE TABLE Turma (
	CodT Integer primary key,
	NomeT varchar(50)
);

INSERT INTO Turma VALUES (1,'Coro1');
INSERT INTO Turma VALUES (2,'Coro2');
INSERT INTO Turma VALUES (3,'Formacao1');
INSERT INTO Turma VALUES (4,'Iniciacao1');
INSERT INTO Turma VALUES (5,'Flauta1');
INSERT INTO Turma VALUES (6,'Flauta2');
INSERT INTO Turma VALUES (7,'Viola1');
INSERT INTO Turma VALUES (8,'Viola2');
INSERT INTO Turma VALUES (9,'Viola3');
INSERT INTO Turma VALUES (10,'Viola4');
INSERT INTO Turma VALUES (11,'Piano1');
INSERT INTO Turma VALUES (12,'Piano2');
INSERT INTO Turma VALUES (13,'Piano3');
INSERT INTO Turma VALUES (14,'Piano4');
INSERT INTO Turma VALUES (15,'Piano5');

DROP TABLE Professores_telefones;
CREATE TABLE Professores_telefones (
	BiP Integer,
	TelefoneP Integer,
	primary key (BiP, TelefoneP),
	foreign key (BiP) references Professores on delete restrict
);


INSERT INTO Professores_telefones VALUES (45667321,266457829);
INSERT INTO Professores_telefones VALUES (45667321,936473920);
INSERT INTO Professores_telefones VALUES (67183941,266628908);
INSERT INTO Professores_telefones VALUES (67183941,912475829);
INSERT INTO Professores_telefones VALUES (72664819,266123890);
INSERT INTO Professores_telefones VALUES (72664819,922772819);
INSERT INTO Professores_telefones VALUES (82764628,266563767);
INSERT INTO Professores_telefones VALUES (82764628,927483992);
INSERT INTO Professores_telefones VALUES (74625618,266463728);
INSERT INTO Professores_telefones VALUES (74625618,937743910);

DROP TABLE Alunos_Supletivo;
CREATE TABLE Alunos_Supletivo (
	BiA Integer primary key,
	foreign key (BiA) references Alunos on delete restrict
);

INSERT INTO Alunos_Supletivo VALUES (34298754);
INSERT INTO Alunos_Supletivo VALUES (34576890);
INSERT INTO Alunos_Supletivo VALUES (76438992);
INSERT INTO Alunos_Supletivo VALUES (44685321);

DROP TABLE Alunos_Integrado;
CREATE TABLE Alunos_Integrado (
	BiA Integer primary key,
	foreign key (BiA) references Alunos on delete restrict
);

INSERT INTO Alunos_Integrado VALUES (19834572);
INSERT INTO Alunos_Integrado VALUES (38627349);
INSERT INTO Alunos_Integrado VALUES (56482919);
INSERT INTO Alunos_Integrado VALUES (99560918);


DROP TABLE Alunos_Iniciacao;
CREATE TABLE Alunos_Iniciacao (
	BiA Integer primary key,
	foreign key (BiA) references Alunos on delete restrict
);

INSERT INTO Alunos_Iniciacao VALUES (53289007);
INSERT INTO Alunos_Iniciacao VALUES (35637819);

DROP TABLE Alunos_Livre;
CREATE TABLE Alunos_Livre (
	BiA Integer primary key,
	foreign key (BiA) references Alunos on delete restrict
);

INSERT INTO Alunos_Livre VALUES (45672839);


DROP TABLE Aval_Integrado;
CREATE TABLE Aval_Integrado (
	BiA Integer,
	CodD Integer,
	Periodo varchar (10),
        NotaP integer,
	primary key (BiA, CodD, Periodo),
	foreign key (BiA) references Alunos on delete restrict,
	foreign key (CodD) references Disciplinas on delete restrict
);

INSERT INTO Aval_Integrado VALUES(19834572,1,'1',5);
INSERT INTO Aval_Integrado VALUES(19834572,2,'1',4);
INSERT INTO Aval_Integrado VALUES(19834572,5,'1',3);
INSERT INTO Aval_Integrado VALUES(38627349,1,'1',5);
INSERT INTO Aval_Integrado VALUES(38627349,2,'1',4);
INSERT INTO Aval_Integrado VALUES(38627349,6,'1',4);
INSERT INTO Aval_Integrado VALUES(56482919,1,'1',4);
INSERT INTO Aval_Integrado VALUES(56482919,2,'1',4);
INSERT INTO Aval_Integrado VALUES(56482919,5,'1',5);
INSERT INTO Aval_Integrado VALUES(99560918,1,'1',5);
INSERT INTO Aval_Integrado VALUES(99560918,2,'1',4);
INSERT INTO Aval_Integrado VALUES(99560918,4,'1',4);

DROP TABLE Aval_Supletivo;
CREATE TABLE Aval_Supletivo (
	BiA Integer,
	CodD Integer,
	Periodo varchar (10),
        NotaP integer,
	primary key (BiA, CodD, Periodo),
	foreign key (BiA) references Alunos on delete restrict,
	foreign key (CodD) references Disciplinas on delete restrict
);

INSERT INTO Aval_Supletivo VALUES(34298754,1,'1',5);
INSERT INTO Aval_Supletivo VALUES(34298754,2,'1',4);
INSERT INTO Aval_Supletivo VALUES(34298754,6,'1',3);
INSERT INTO Aval_Supletivo VALUES(34576890,1,'1',5);
INSERT INTO Aval_Supletivo VALUES(34576890,2,'1',4);
INSERT INTO Aval_Supletivo VALUES(34576890,5,'1',4);
INSERT INTO Aval_Supletivo VALUES(76438992,1,'1',5);
INSERT INTO Aval_Supletivo VALUES(76438992,2,'1',4);
INSERT INTO Aval_Supletivo VALUES(76438992,4,'1',4);
INSERT INTO Aval_Supletivo VALUES(44685321,1,'1',5);
INSERT INTO Aval_Supletivo VALUES(44685321,2,'1',4);
INSERT INTO Aval_Supletivo VALUES(44685321,4,'1',4);


DROP TABLE Disciplina_FormacaoMusical;
CREATE TABLE Disciplina_FormacaoMusical(
	CodD Integer primary key,
	foreign key (CodD) references Disciplinas on delete restrict
);

INSERT INTO Disciplina_FormacaoMusical VALUES(2);

DROP TABLE Disciplina_Coro;
CREATE TABLE Disciplina_Coro (
	CodD Integer primary key,
	foreign key (CodD) references Disciplinas on delete restrict
);

INSERT INTO Disciplina_Coro VALUES(1);

DROP TABLE Disciplina_IniciacaoMusical;
CREATE TABLE Disciplina_IniciacaoMusical (
	CodD Integer primary key,
	foreign key (CodD) references Disciplinas on delete restrict
);

INSERT INTO Disciplina_IniciacaoMusical VALUES(3);

DROP TABLE Disciplinas_Instrumento;
CREATE TABLE Disciplinas_Instrumento (
	CodD Integer,
	NomeInst varchar(35) primary key,
	foreign key (CodD) references Disciplinas on delete restrict
);

INSERT INTO Disciplinas_Instrumento VALUES(4,'Viola');
INSERT INTO Disciplinas_Instrumento VALUES(5,'Piano');
INSERT INTO Disciplinas_Instrumento VALUES(6,'Flauta de Bisel');


DROP TABLE Presencas;
CREATE TABLE Presencas (
	BiA Integer,
	CodT Integer,
	DataA timestamp,
	primary key (BiA, CodT, DataA),
	foreign key (BiA) references Alunos on delete restrict,
	foreign key (CodT) references Turma on delete restrict
);

INSERT INTO Presencas VALUES (19834572,1,'2012-10-03 18:00:00');
INSERT INTO Presencas VALUES (19834572,1,'2012-10-10 18:00:00');
INSERT INTO Presencas VALUES (19834572,1,'2012-10-17 18:00:00');
INSERT INTO Presencas VALUES (19834572,1,'2012-10-24 18:00:00');
INSERT INTO Presencas VALUES (19834572,1,'2012-10-31 18:00:00');
INSERT INTO Presencas VALUES (19834572,1,'2012-11-07 18:00:00');
INSERT INTO Presencas VALUES (19834572,1,'2012-11-14 18:00:00');
INSERT INTO Presencas VALUES (19834572,1,'2012-11-21 18:00:00');
INSERT INTO Presencas VALUES (19834572,1,'2012-11-28 18:00:00');
INSERT INTO Presencas VALUES (19834572,1,'2012-12-05 18:00:00');
INSERT INTO Presencas VALUES (19834572,1,'2012-12-12 18:00:00');
INSERT INTO Presencas VALUES (19834572,1,'2012-12-19 18:00:00');
INSERT INTO Presencas VALUES (19834572,1,'2012-12-26 18:00:00');

INSERT INTO Presencas VALUES (38627349,1,'2012-10-03 18:00:00');
INSERT INTO Presencas VALUES (38627349,1,'2012-10-10 18:00:00');
INSERT INTO Presencas VALUES (38627349,1,'2012-10-17 18:00:00');
INSERT INTO Presencas VALUES (38627349,1,'2012-10-24 18:00:00');
INSERT INTO Presencas VALUES (38627349,1,'2012-10-31 18:00:00');
INSERT INTO Presencas VALUES (38627349,1,'2012-11-07 18:00:00');
INSERT INTO Presencas VALUES (38627349,1,'2012-11-14 18:00:00');
INSERT INTO Presencas VALUES (38627349,1,'2012-11-21 18:00:00');
INSERT INTO Presencas VALUES (38627349,1,'2012-11-28 18:00:00');
INSERT INTO Presencas VALUES (38627349,1,'2012-12-05 18:00:00');
INSERT INTO Presencas VALUES (38627349,1,'2012-12-12 18:00:00');
INSERT INTO Presencas VALUES (38627349,1,'2012-12-19 18:00:00');
INSERT INTO Presencas VALUES (38627349,1,'2012-12-26 18:00:00');

INSERT INTO Presencas VALUES (56482919,1,'2012-10-10 18:00:00');
INSERT INTO Presencas VALUES (56482919,1,'2012-10-17 18:00:00');
INSERT INTO Presencas VALUES (56482919,1,'2012-10-24 18:00:00');
INSERT INTO Presencas VALUES (56482919,1,'2012-10-31 18:00:00');
INSERT INTO Presencas VALUES (56482919,1,'2012-11-07 18:00:00');
INSERT INTO Presencas VALUES (56482919,1,'2012-11-14 18:00:00');
INSERT INTO Presencas VALUES (56482919,1,'2012-11-21 18:00:00');
INSERT INTO Presencas VALUES (56482919,1,'2012-11-28 18:00:00');
INSERT INTO Presencas VALUES (56482919,1,'2012-12-05 18:00:00');
INSERT INTO Presencas VALUES (56482919,1,'2012-12-12 18:00:00');
INSERT INTO Presencas VALUES (56482919,1,'2012-12-19 18:00:00');
INSERT INTO Presencas VALUES (56482919,1,'2012-12-26 18:00:00');

INSERT INTO Presencas VALUES (99560918,1,'2012-10-03 18:00:00');
INSERT INTO Presencas VALUES (99560918,1,'2012-10-10 18:00:00');
INSERT INTO Presencas VALUES (99560918,1,'2012-10-17 18:00:00');
INSERT INTO Presencas VALUES (99560918,1,'2012-10-24 18:00:00');
INSERT INTO Presencas VALUES (99560918,1,'2012-10-31 18:00:00');
INSERT INTO Presencas VALUES (99560918,1,'2012-11-07 18:00:00');
INSERT INTO Presencas VALUES (99560918,1,'2012-11-14 18:00:00');
INSERT INTO Presencas VALUES (99560918,1,'2012-11-21 18:00:00');
INSERT INTO Presencas VALUES (99560918,1,'2012-11-28 18:00:00');
INSERT INTO Presencas VALUES (99560918,1,'2012-12-05 18:00:00');
INSERT INTO Presencas VALUES (99560918,1,'2012-12-12 18:00:00');
INSERT INTO Presencas VALUES (99560918,1,'2012-12-19 18:00:00');
INSERT INTO Presencas VALUES (99560918,1,'2012-12-26 18:00:00');

INSERT INTO Presencas VALUES (34298754,1,'2012-10-03 18:00:00');
INSERT INTO Presencas VALUES (34298754,1,'2012-10-10 18:00:00');
INSERT INTO Presencas VALUES (34298754,1,'2012-10-17 18:00:00');
INSERT INTO Presencas VALUES (34298754,1,'2012-10-24 18:00:00');
INSERT INTO Presencas VALUES (34298754,1,'2012-10-31 18:00:00');
INSERT INTO Presencas VALUES (34298754,1,'2012-11-07 18:00:00');
INSERT INTO Presencas VALUES (34298754,1,'2012-11-14 18:00:00');
INSERT INTO Presencas VALUES (34298754,1,'2012-11-21 18:00:00');
INSERT INTO Presencas VALUES (34298754,1,'2012-11-28 18:00:00');
INSERT INTO Presencas VALUES (34298754,1,'2012-12-05 18:00:00');
INSERT INTO Presencas VALUES (34298754,1,'2012-12-12 18:00:00');
INSERT INTO Presencas VALUES (34298754,1,'2012-12-19 18:00:00');
INSERT INTO Presencas VALUES (34298754,1,'2012-12-26 18:00:00');

INSERT INTO Presencas VALUES (34576890,1,'2012-10-03 18:00:00');
INSERT INTO Presencas VALUES (34576890,1,'2012-10-10 18:00:00');
INSERT INTO Presencas VALUES (34576890,1,'2012-10-17 18:00:00');
INSERT INTO Presencas VALUES (34576890,1,'2012-10-24 18:00:00');
INSERT INTO Presencas VALUES (34576890,1,'2012-10-31 18:00:00');
INSERT INTO Presencas VALUES (34576890,1,'2012-11-07 18:00:00');
INSERT INTO Presencas VALUES (34576890,1,'2012-11-14 18:00:00');
INSERT INTO Presencas VALUES (34576890,1,'2012-11-21 18:00:00');
INSERT INTO Presencas VALUES (34576890,1,'2012-11-28 18:00:00');
INSERT INTO Presencas VALUES (34576890,1,'2012-12-05 18:00:00');
INSERT INTO Presencas VALUES (34576890,1,'2012-12-12 18:00:00');
INSERT INTO Presencas VALUES (34576890,1,'2012-12-19 18:00:00');
INSERT INTO Presencas VALUES (34576890,1,'2012-12-26 18:00:00');

INSERT INTO Presencas VALUES (76438992,1,'2012-10-03 18:00:00');
INSERT INTO Presencas VALUES (76438992,1,'2012-10-10 18:00:00');
INSERT INTO Presencas VALUES (76438992,1,'2012-10-17 18:00:00');
INSERT INTO Presencas VALUES (76438992,1,'2012-10-24 18:00:00');
INSERT INTO Presencas VALUES (76438992,1,'2012-10-31 18:00:00');
INSERT INTO Presencas VALUES (76438992,1,'2012-11-07 18:00:00');
INSERT INTO Presencas VALUES (76438992,1,'2012-11-14 18:00:00');
INSERT INTO Presencas VALUES (76438992,1,'2012-11-21 18:00:00');
INSERT INTO Presencas VALUES (76438992,1,'2012-11-28 18:00:00');
INSERT INTO Presencas VALUES (76438992,1,'2012-12-05 18:00:00');
INSERT INTO Presencas VALUES (76438992,1,'2012-12-12 18:00:00');
INSERT INTO Presencas VALUES (76438992,1,'2012-12-19 18:00:00');
INSERT INTO Presencas VALUES (76438992,1,'2012-12-26 18:00:00');

INSERT INTO Presencas VALUES (44685321,1,'2012-10-03 18:00:00');
INSERT INTO Presencas VALUES (44685321,1,'2012-10-10 18:00:00');
INSERT INTO Presencas VALUES (44685321,1,'2012-10-17 18:00:00');
INSERT INTO Presencas VALUES (44685321,1,'2012-10-24 18:00:00');
INSERT INTO Presencas VALUES (44685321,1,'2012-10-31 18:00:00');
INSERT INTO Presencas VALUES (44685321,1,'2012-11-07 18:00:00');
INSERT INTO Presencas VALUES (44685321,1,'2012-11-14 18:00:00');
INSERT INTO Presencas VALUES (44685321,1,'2012-11-21 18:00:00');
INSERT INTO Presencas VALUES (44685321,1,'2012-11-28 18:00:00');
INSERT INTO Presencas VALUES (44685321,1,'2012-12-05 18:00:00');
INSERT INTO Presencas VALUES (44685321,1,'2012-12-12 18:00:00');
INSERT INTO Presencas VALUES (44685321,1,'2012-12-19 18:00:00');
INSERT INTO Presencas VALUES (44685321,1,'2012-12-26 18:00:00');

INSERT INTO Presencas VALUES (45672839,1,'2012-10-03 18:00:00');
INSERT INTO Presencas VALUES (45672839,1,'2012-10-10 18:00:00');
INSERT INTO Presencas VALUES (45672839,1,'2012-10-17 18:00:00');
INSERT INTO Presencas VALUES (45672839,1,'2012-10-24 18:00:00');
INSERT INTO Presencas VALUES (45672839,1,'2012-10-31 18:00:00');
INSERT INTO Presencas VALUES (45672839,1,'2012-11-07 18:00:00');
INSERT INTO Presencas VALUES (45672839,1,'2012-11-14 18:00:00');
INSERT INTO Presencas VALUES (45672839,1,'2012-11-21 18:00:00');
INSERT INTO Presencas VALUES (45672839,1,'2012-11-28 18:00:00');
INSERT INTO Presencas VALUES (45672839,1,'2012-12-05 18:00:00');
INSERT INTO Presencas VALUES (45672839,1,'2012-12-12 18:00:00');
INSERT INTO Presencas VALUES (45672839,1,'2012-12-19 18:00:00');
INSERT INTO Presencas VALUES (45672839,1,'2012-12-26 18:00:00');

INSERT INTO Presencas VALUES (53289007,2,'2012-10-03 18:00:00');
INSERT INTO Presencas VALUES (53289007,2,'2012-10-10 18:00:00');
INSERT INTO Presencas VALUES (53289007,2,'2012-10-17 18:00:00');
INSERT INTO Presencas VALUES (53289007,2,'2012-10-24 18:00:00');
INSERT INTO Presencas VALUES (53289007,2,'2012-10-31 18:00:00');
INSERT INTO Presencas VALUES (53289007,2,'2012-11-07 18:00:00');
INSERT INTO Presencas VALUES (53289007,2,'2012-11-14 18:00:00');
INSERT INTO Presencas VALUES (53289007,2,'2012-11-21 18:00:00');
INSERT INTO Presencas VALUES (53289007,2,'2012-11-28 18:00:00');
INSERT INTO Presencas VALUES (53289007,2,'2012-12-05 18:00:00');
INSERT INTO Presencas VALUES (53289007,2,'2012-12-12 18:00:00');
INSERT INTO Presencas VALUES (53289007,2,'2012-12-19 18:00:00');
INSERT INTO Presencas VALUES (53289007,2,'2012-12-26 18:00:00');

INSERT INTO Presencas VALUES (35637819,2,'2012-10-03 18:00:00');
INSERT INTO Presencas VALUES (35637819,2,'2012-10-10 18:00:00');
INSERT INTO Presencas VALUES (35637819,2,'2012-10-17 18:00:00');
INSERT INTO Presencas VALUES (35637819,2,'2012-10-24 18:00:00');
INSERT INTO Presencas VALUES (35637819,2,'2012-10-31 18:00:00');
INSERT INTO Presencas VALUES (35637819,2,'2012-11-07 18:00:00');
INSERT INTO Presencas VALUES (35637819,2,'2012-11-14 18:00:00');
INSERT INTO Presencas VALUES (35637819,2,'2012-11-21 18:00:00');
INSERT INTO Presencas VALUES (35637819,2,'2012-11-28 18:00:00');
INSERT INTO Presencas VALUES (35637819,2,'2012-12-05 18:00:00');
INSERT INTO Presencas VALUES (35637819,2,'2012-12-12 18:00:00');
INSERT INTO Presencas VALUES (35637819,2,'2012-12-19 18:00:00');
INSERT INTO Presencas VALUES (35637819,2,'2012-12-26 18:00:00');

INSERT INTO Presencas VALUES (19834572,3,'2012-10-01 18:00:00');
INSERT INTO Presencas VALUES (19834572,3,'2012-10-08 18:00:00');
INSERT INTO Presencas VALUES (19834572,3,'2012-10-15 18:00:00');
INSERT INTO Presencas VALUES (19834572,3,'2012-10-22 18:00:00');
INSERT INTO Presencas VALUES (19834572,3,'2012-10-29 18:00:00');
INSERT INTO Presencas VALUES (19834572,3,'2012-11-05 18:00:00');
INSERT INTO Presencas VALUES (19834572,3,'2012-11-12 18:00:00');
INSERT INTO Presencas VALUES (19834572,3,'2012-11-19 18:00:00');
INSERT INTO Presencas VALUES (19834572,3,'2012-11-26 18:00:00');
INSERT INTO Presencas VALUES (19834572,3,'2012-12-03 18:00:00');
INSERT INTO Presencas VALUES (19834572,3,'2012-12-10 18:00:00');
INSERT INTO Presencas VALUES (19834572,3,'2012-12-17 18:00:00');
INSERT INTO Presencas VALUES (19834572,3,'2012-12-24 18:00:00');
INSERT INTO Presencas VALUES (19834572,3,'2012-12-31 18:00:00');

INSERT INTO Presencas VALUES (38627349,3,'2012-10-01 18:00:00');
INSERT INTO Presencas VALUES (38627349,3,'2012-10-08 18:00:00');
INSERT INTO Presencas VALUES (38627349,3,'2012-10-15 18:00:00');
INSERT INTO Presencas VALUES (38627349,3,'2012-10-22 18:00:00');
INSERT INTO Presencas VALUES (38627349,3,'2012-10-29 18:00:00');
INSERT INTO Presencas VALUES (38627349,3,'2012-11-05 18:00:00');
INSERT INTO Presencas VALUES (38627349,3,'2012-11-12 18:00:00');
INSERT INTO Presencas VALUES (38627349,3,'2012-11-19 18:00:00');
INSERT INTO Presencas VALUES (38627349,3,'2012-11-26 18:00:00');
INSERT INTO Presencas VALUES (38627349,3,'2012-12-03 18:00:00');
INSERT INTO Presencas VALUES (38627349,3,'2012-12-10 18:00:00');
INSERT INTO Presencas VALUES (38627349,3,'2012-12-17 18:00:00');
INSERT INTO Presencas VALUES (38627349,3,'2012-12-24 18:00:00');
INSERT INTO Presencas VALUES (38627349,3,'2012-12-31 18:00:00');

INSERT INTO Presencas VALUES (56482919,3,'2012-10-01 18:00:00');
INSERT INTO Presencas VALUES (56482919,3,'2012-10-08 18:00:00');
INSERT INTO Presencas VALUES (56482919,3,'2012-10-15 18:00:00');
INSERT INTO Presencas VALUES (56482919,3,'2012-10-22 18:00:00');
INSERT INTO Presencas VALUES (56482919,3,'2012-10-29 18:00:00');
INSERT INTO Presencas VALUES (56482919,3,'2012-11-05 18:00:00');
INSERT INTO Presencas VALUES (56482919,3,'2012-11-12 18:00:00');
INSERT INTO Presencas VALUES (56482919,3,'2012-11-19 18:00:00');
INSERT INTO Presencas VALUES (56482919,3,'2012-11-26 18:00:00');
INSERT INTO Presencas VALUES (56482919,3,'2012-12-03 18:00:00');
INSERT INTO Presencas VALUES (56482919,3,'2012-12-10 18:00:00');
INSERT INTO Presencas VALUES (56482919,3,'2012-12-17 18:00:00');
INSERT INTO Presencas VALUES (56482919,3,'2012-12-24 18:00:00');
INSERT INTO Presencas VALUES (56482919,3,'2012-12-31 18:00:00');

INSERT INTO Presencas VALUES (99560918,3,'2012-10-01 18:00:00');
INSERT INTO Presencas VALUES (99560918,3,'2012-10-08 18:00:00');
INSERT INTO Presencas VALUES (99560918,3,'2012-10-15 18:00:00');
INSERT INTO Presencas VALUES (99560918,3,'2012-10-22 18:00:00');
INSERT INTO Presencas VALUES (99560918,3,'2012-10-29 18:00:00');
INSERT INTO Presencas VALUES (99560918,3,'2012-11-05 18:00:00');
INSERT INTO Presencas VALUES (99560918,3,'2012-11-12 18:00:00');
INSERT INTO Presencas VALUES (99560918,3,'2012-11-19 18:00:00');
INSERT INTO Presencas VALUES (99560918,3,'2012-11-26 18:00:00');
INSERT INTO Presencas VALUES (99560918,3,'2012-12-03 18:00:00');
INSERT INTO Presencas VALUES (99560918,3,'2012-12-10 18:00:00');
INSERT INTO Presencas VALUES (99560918,3,'2012-12-17 18:00:00');
INSERT INTO Presencas VALUES (99560918,3,'2012-12-24 18:00:00');
INSERT INTO Presencas VALUES (99560918,3,'2012-12-31 18:00:00');

INSERT INTO Presencas VALUES (34298754,3,'2012-10-01 18:00:00');
INSERT INTO Presencas VALUES (34298754,3,'2012-10-08 18:00:00');
INSERT INTO Presencas VALUES (34298754,3,'2012-10-15 18:00:00');
INSERT INTO Presencas VALUES (34298754,3,'2012-10-22 18:00:00');
INSERT INTO Presencas VALUES (34298754,3,'2012-10-29 18:00:00');
INSERT INTO Presencas VALUES (34298754,3,'2012-11-05 18:00:00');
INSERT INTO Presencas VALUES (34298754,3,'2012-11-12 18:00:00');
INSERT INTO Presencas VALUES (34298754,3,'2012-11-19 18:00:00');
INSERT INTO Presencas VALUES (34298754,3,'2012-11-26 18:00:00');
INSERT INTO Presencas VALUES (34298754,3,'2012-12-03 18:00:00');
INSERT INTO Presencas VALUES (34298754,3,'2012-12-10 18:00:00');
INSERT INTO Presencas VALUES (34298754,3,'2012-12-17 18:00:00');
INSERT INTO Presencas VALUES (34298754,3,'2012-12-24 18:00:00');
INSERT INTO Presencas VALUES (34298754,3,'2012-12-31 18:00:00');

INSERT INTO Presencas VALUES (34576890,3,'2012-10-01 18:00:00');
INSERT INTO Presencas VALUES (34576890,3,'2012-10-08 18:00:00');
INSERT INTO Presencas VALUES (34576890,3,'2012-10-15 18:00:00');
INSERT INTO Presencas VALUES (34576890,3,'2012-10-22 18:00:00');
INSERT INTO Presencas VALUES (34576890,3,'2012-10-29 18:00:00');
INSERT INTO Presencas VALUES (34576890,3,'2012-11-05 18:00:00');
INSERT INTO Presencas VALUES (34576890,3,'2012-11-12 18:00:00');
INSERT INTO Presencas VALUES (34576890,3,'2012-11-19 18:00:00');
INSERT INTO Presencas VALUES (34576890,3,'2012-11-26 18:00:00');
INSERT INTO Presencas VALUES (34576890,3,'2012-12-03 18:00:00');
INSERT INTO Presencas VALUES (34576890,3,'2012-12-10 18:00:00');
INSERT INTO Presencas VALUES (34576890,3,'2012-12-17 18:00:00');
INSERT INTO Presencas VALUES (34576890,3,'2012-12-24 18:00:00');
INSERT INTO Presencas VALUES (34576890,3,'2012-12-31 18:00:00');

INSERT INTO Presencas VALUES (76438992,3,'2012-10-01 18:00:00');
INSERT INTO Presencas VALUES (76438992,3,'2012-10-08 18:00:00');
INSERT INTO Presencas VALUES (76438992,3,'2012-10-15 18:00:00');
INSERT INTO Presencas VALUES (76438992,3,'2012-10-22 18:00:00');
INSERT INTO Presencas VALUES (76438992,3,'2012-10-29 18:00:00');
INSERT INTO Presencas VALUES (76438992,3,'2012-11-05 18:00:00');
INSERT INTO Presencas VALUES (76438992,3,'2012-11-12 18:00:00');
INSERT INTO Presencas VALUES (76438992,3,'2012-11-19 18:00:00');
INSERT INTO Presencas VALUES (76438992,3,'2012-11-26 18:00:00');
INSERT INTO Presencas VALUES (76438992,3,'2012-12-03 18:00:00');
INSERT INTO Presencas VALUES (76438992,3,'2012-12-10 18:00:00');
INSERT INTO Presencas VALUES (76438992,3,'2012-12-17 18:00:00');
INSERT INTO Presencas VALUES (76438992,3,'2012-12-24 18:00:00');
INSERT INTO Presencas VALUES (76438992,3,'2012-12-31 18:00:00');

INSERT INTO Presencas VALUES (44685321,3,'2012-10-01 18:00:00');
INSERT INTO Presencas VALUES (44685321,3,'2012-10-08 18:00:00');
INSERT INTO Presencas VALUES (44685321,3,'2012-10-15 18:00:00');
INSERT INTO Presencas VALUES (44685321,3,'2012-10-22 18:00:00');
INSERT INTO Presencas VALUES (44685321,3,'2012-10-29 18:00:00');
INSERT INTO Presencas VALUES (44685321,3,'2012-11-05 18:00:00');
INSERT INTO Presencas VALUES (44685321,3,'2012-11-12 18:00:00');
INSERT INTO Presencas VALUES (44685321,3,'2012-11-19 18:00:00');
INSERT INTO Presencas VALUES (44685321,3,'2012-11-26 18:00:00');
INSERT INTO Presencas VALUES (44685321,3,'2012-12-03 18:00:00');
INSERT INTO Presencas VALUES (44685321,3,'2012-12-10 18:00:00');
INSERT INTO Presencas VALUES (44685321,3,'2012-12-17 18:00:00');
INSERT INTO Presencas VALUES (44685321,3,'2012-12-24 18:00:00');
INSERT INTO Presencas VALUES (44685321,3,'2012-12-31 18:00:00');

INSERT INTO Presencas VALUES (38627349,5,'2012-10-04 18:00:00');
INSERT INTO Presencas VALUES (34298754,6,'2012-10-04 19:00:00');
INSERT INTO Presencas VALUES (38627349,5,'2012-10-11 18:00:00');
INSERT INTO Presencas VALUES (34298754,6,'2012-10-11 19:00:00');
INSERT INTO Presencas VALUES (38627349,5,'2012-10-18 18:00:00');
INSERT INTO Presencas VALUES (34298754,6,'2012-10-18 19:00:00');
INSERT INTO Presencas VALUES (38627349,5,'2012-10-25 18:00:00');
INSERT INTO Presencas VALUES (34298754,6,'2012-10-25 19:00:00');
INSERT INTO Presencas VALUES (38627349,5,'2012-11-08 18:00:00');
INSERT INTO Presencas VALUES (34298754,6,'2012-11-08 19:00:00');
INSERT INTO Presencas VALUES (38627349,5,'2012-11-15 18:00:00');
INSERT INTO Presencas VALUES (34298754,6,'2012-11-15 19:00:00');
INSERT INTO Presencas VALUES (38627349,5,'2012-11-22 18:00:00');
INSERT INTO Presencas VALUES (34298754,6,'2012-11-22 19:00:00');
INSERT INTO Presencas VALUES (38627349,5,'2012-11-29 18:00:00');
INSERT INTO Presencas VALUES (34298754,6,'2012-11-29 19:00:00');
INSERT INTO Presencas VALUES (38627349,5,'2012-12-06 18:00:00');
INSERT INTO Presencas VALUES (34298754,6,'2012-12-06 19:00:00');
INSERT INTO Presencas VALUES (34298754,5,'2012-12-13 19:00:00');
INSERT INTO Presencas VALUES (38627349,6,'2012-12-20 18:00:00');
INSERT INTO Presencas VALUES (34298754,5,'2012-12-20 19:00:00');
INSERT INTO Presencas VALUES (38627349,6,'2012-12-27 18:00:00');
INSERT INTO Presencas VALUES (34298754,5,'2012-12-27 19:00:00');

INSERT INTO Presencas VALUES (45672839,7,'2012-10-04 16:00:00');
INSERT INTO Presencas VALUES (44685321,8,'2012-10-04 17:00:00');
INSERT INTO Presencas VALUES (99560918,9,'2012-10-04 18:00:00');
INSERT INTO Presencas VALUES (76438992,10,'2012-10-04 19:00:00');
INSERT INTO Presencas VALUES (45672839,7,'2012-10-11 16:00:00');
INSERT INTO Presencas VALUES (44685321,8,'2012-10-11 17:00:00');
INSERT INTO Presencas VALUES (99560918,9,'2012-10-11 18:00:00');
INSERT INTO Presencas VALUES (76438992,10,'2012-10-11 19:00:00');
INSERT INTO Presencas VALUES (45672839,7,'2012-10-18 16:00:00');
INSERT INTO Presencas VALUES (44685321,8,'2012-10-18 17:00:00');
INSERT INTO Presencas VALUES (99560918,9,'2012-10-18 18:00:00');
INSERT INTO Presencas VALUES (76438992,10,'2012-10-18 19:00:00');
INSERT INTO Presencas VALUES (45672839,7,'2012-10-25 16:00:00');
INSERT INTO Presencas VALUES (44685321,8,'2012-10-25 17:00:00');
INSERT INTO Presencas VALUES (99560918,9,'2012-10-25 18:00:00');
INSERT INTO Presencas VALUES (76438992,10,'2012-10-25 19:00:00');
INSERT INTO Presencas VALUES (45672839,7,'2012-11-01 16:00:00');
INSERT INTO Presencas VALUES (44685321,8,'2012-11-01 17:00:00');
INSERT INTO Presencas VALUES (99560918,9,'2012-11-01 18:00:00');
INSERT INTO Presencas VALUES (76438992,10,'2012-11-01 19:00:00');
INSERT INTO Presencas VALUES (45672839,7,'2012-11-08 16:00:00');
INSERT INTO Presencas VALUES (44685321,8,'2012-11-08 17:00:00');
INSERT INTO Presencas VALUES (99560918,9,'2012-11-08 18:00:00');
INSERT INTO Presencas VALUES (76438992,10,'2012-11-08 19:00:00');
INSERT INTO Presencas VALUES (45672839,7,'2012-11-15 16:00:00');
INSERT INTO Presencas VALUES (44685321,8,'2012-11-15 17:00:00');
INSERT INTO Presencas VALUES (99560918,9,'2012-11-15 18:00:00');
INSERT INTO Presencas VALUES (76438992,10,'2012-11-15 19:00:00');
INSERT INTO Presencas VALUES (45672839,7,'2012-11-22 16:00:00');
INSERT INTO Presencas VALUES (44685321,8,'2012-11-22 17:00:00');
INSERT INTO Presencas VALUES (99560918,9,'2012-11-22 18:00:00');
INSERT INTO Presencas VALUES (76438992,10,'2012-11-22 19:00:00');
INSERT INTO Presencas VALUES (45672839,7,'2012-11-29 16:00:00');
INSERT INTO Presencas VALUES (44685321,8,'2012-11-29 17:00:00');
INSERT INTO Presencas VALUES (99560918,9,'2012-11-29 18:00:00');
INSERT INTO Presencas VALUES (76438992,10,'2012-11-29 19:00:00');
INSERT INTO Presencas VALUES (45672839,7,'2012-12-06 16:00:00');
INSERT INTO Presencas VALUES (44685321,8,'2012-12-06 17:00:00');
INSERT INTO Presencas VALUES (99560918,9,'2012-12-06 18:00:00');
INSERT INTO Presencas VALUES (76438992,10,'2012-12-06 19:00:00');
INSERT INTO Presencas VALUES (45672839,7,'2012-12-13 16:00:00');
INSERT INTO Presencas VALUES (44685321,8,'2012-12-13 17:00:00');
INSERT INTO Presencas VALUES (99560918,9,'2012-12-13 18:00:00');
INSERT INTO Presencas VALUES (76438992,10,'2012-12-13 19:00:00');
INSERT INTO Presencas VALUES (45672839,7,'2012-12-20 16:00:00');
INSERT INTO Presencas VALUES (44685321,8,'2012-12-20 17:00:00');
INSERT INTO Presencas VALUES (99560918,9,'2012-12-20 18:00:00');
INSERT INTO Presencas VALUES (76438992,10,'2012-12-20 19:00:00');
INSERT INTO Presencas VALUES (45672839,7,'2012-12-27 16:00:00');
INSERT INTO Presencas VALUES (44685321,8,'2012-12-27 17:00:00');
INSERT INTO Presencas VALUES (99560918,9,'2012-12-27 18:00:00');
INSERT INTO Presencas VALUES (76438992,10,'2012-12-27 19:00:00');

INSERT INTO Presencas VALUES (53289007,11,'2012-10-06 09:00:00');
INSERT INTO Presencas VALUES (35637819,12,'2012-10-06 10:00:00');
INSERT INTO Presencas VALUES (56482919,13,'2012-10-06 11:00:00');
INSERT INTO Presencas VALUES (19834572,14,'2012-10-06 12:00:00');
INSERT INTO Presencas VALUES (34576890,15,'2012-10-06 14:00:00');
INSERT INTO Presencas VALUES (53289007,11,'2012-10-13 09:00:00');
INSERT INTO Presencas VALUES (35637819,12,'2012-10-13 10:00:00');
INSERT INTO Presencas VALUES (56482919,13,'2012-10-13 11:00:00');
INSERT INTO Presencas VALUES (19834572,14,'2012-10-13 12:00:00');
INSERT INTO Presencas VALUES (34576890,15,'2012-10-13 14:00:00');
INSERT INTO Presencas VALUES (53289007,11,'2012-10-20 09:00:00');
INSERT INTO Presencas VALUES (35637819,12,'2012-10-20 10:00:00');
INSERT INTO Presencas VALUES (56482919,13,'2012-10-20 11:00:00');
INSERT INTO Presencas VALUES (19834572,14,'2012-10-20 12:00:00');
INSERT INTO Presencas VALUES (34576890,15,'2012-10-20 14:00:00');
INSERT INTO Presencas VALUES (53289007,11,'2012-10-27 09:00:00');
INSERT INTO Presencas VALUES (35637819,12,'2012-10-27 10:00:00');
INSERT INTO Presencas VALUES (56482919,13,'2012-10-27 11:00:00');
INSERT INTO Presencas VALUES (19834572,14,'2012-10-27 12:00:00');
INSERT INTO Presencas VALUES (34576890,15,'2012-10-27 14:00:00');
INSERT INTO Presencas VALUES (53289007,11,'2012-11-03 09:00:00');
INSERT INTO Presencas VALUES (35637819,12,'2012-11-03 10:00:00');
INSERT INTO Presencas VALUES (56482919,13,'2012-11-03 11:00:00');
INSERT INTO Presencas VALUES (19834572,14,'2012-11-03 12:00:00');
INSERT INTO Presencas VALUES (34576890,15,'2012-11-03 14:00:00');
INSERT INTO Presencas VALUES (53289007,11,'2012-11-10 09:00:00');
INSERT INTO Presencas VALUES (35637819,12,'2012-11-10 10:00:00');
INSERT INTO Presencas VALUES (56482919,13,'2012-11-10 11:00:00');
INSERT INTO Presencas VALUES (19834572,14,'2012-11-10 12:00:00');
INSERT INTO Presencas VALUES (34576890,15,'2012-11-10 14:00:00');
INSERT INTO Presencas VALUES (53289007,11,'2012-11-17 09:00:00');
INSERT INTO Presencas VALUES (35637819,12,'2012-11-17 10:00:00');
INSERT INTO Presencas VALUES (56482919,13,'2012-11-17 11:00:00');
INSERT INTO Presencas VALUES (19834572,14,'2012-11-17 12:00:00');
INSERT INTO Presencas VALUES (34576890,15,'2012-11-17 14:00:00');
INSERT INTO Presencas VALUES (53289007,11,'2012-11-24 09:00:00');
INSERT INTO Presencas VALUES (35637819,12,'2012-11-24 10:00:00');
INSERT INTO Presencas VALUES (56482919,13,'2012-11-24 11:00:00');
INSERT INTO Presencas VALUES (19834572,14,'2012-11-24 12:00:00');
INSERT INTO Presencas VALUES (34576890,15,'2012-11-24 14:00:00');
INSERT INTO Presencas VALUES (53289007,11,'2012-12-01 09:00:00');
INSERT INTO Presencas VALUES (35637819,12,'2012-12-01 10:00:00');
INSERT INTO Presencas VALUES (56482919,13,'2012-12-01 11:00:00');
INSERT INTO Presencas VALUES (19834572,14,'2012-12-01 12:00:00');
INSERT INTO Presencas VALUES (34576890,15,'2012-12-01 14:00:00');
INSERT INTO Presencas VALUES (53289007,11,'2012-12-08 09:00:00');
INSERT INTO Presencas VALUES (35637819,12,'2012-12-08 10:00:00');
INSERT INTO Presencas VALUES (56482919,13,'2012-12-08 11:00:00');
INSERT INTO Presencas VALUES (19834572,14,'2012-12-08 12:00:00');
INSERT INTO Presencas VALUES (34576890,15,'2012-12-08 14:00:00');
INSERT INTO Presencas VALUES (53289007,11,'2012-12-15 09:00:00');
INSERT INTO Presencas VALUES (35637819,12,'2012-12-15 10:00:00');
INSERT INTO Presencas VALUES (56482919,13,'2012-12-15 11:00:00');
INSERT INTO Presencas VALUES (19834572,14,'2012-12-15 12:00:00');
INSERT INTO Presencas VALUES (34576890,15,'2012-12-15 14:00:00');
INSERT INTO Presencas VALUES (53289007,11,'2012-12-22 09:00:00');
INSERT INTO Presencas VALUES (35637819,12,'2012-12-22 10:00:00');
INSERT INTO Presencas VALUES (56482919,13,'2012-12-22 11:00:00');
INSERT INTO Presencas VALUES (19834572,14,'2012-12-22 12:00:00');
INSERT INTO Presencas VALUES (34576890,15,'2012-12-22 14:00:00');
INSERT INTO Presencas VALUES (53289007,11,'2012-12-29 09:00:00');
INSERT INTO Presencas VALUES (35637819,12,'2012-12-29 10:00:00');
INSERT INTO Presencas VALUES (56482919,13,'2012-12-29 11:00:00');
INSERT INTO Presencas VALUES (19834572,14,'2012-12-29 12:00:00');
INSERT INTO Presencas VALUES (34576890,15,'2012-12-29 14:00:00');

DROP TABLE Inscritos;
CREATE TABLE Inscritos (
	BiA Integer,
	CodT Integer,
	GrauI Integer,
	primary key (BiA, CodT),
	foreign key (BiA) references Alunos on delete restrict,
	foreign key (CodT) references Turma on delete restrict
);

INSERT INTO Inscritos VALUES (19834572,1,0);
INSERT INTO Inscritos VALUES (38627349,1,0);
INSERT INTO Inscritos VALUES (56482919,1,0);
INSERT INTO Inscritos VALUES (99560918,1,0);
INSERT INTO Inscritos VALUES (34298754,1,0);
INSERT INTO Inscritos VALUES (34576890,1,0);
INSERT INTO Inscritos VALUES (76438992,1,0);
INSERT INTO Inscritos VALUES (44685321,1,0);
INSERT INTO Inscritos VALUES (45672839,1,0);
INSERT INTO Inscritos VALUES (53289007,2,0);
INSERT INTO Inscritos VALUES (35637819,2,0);
INSERT INTO Inscritos VALUES (19834572,3,0);
INSERT INTO Inscritos VALUES (38627349,3,0);
INSERT INTO Inscritos VALUES (56482919,3,0);
INSERT INTO Inscritos VALUES (99560918,3,0);
INSERT INTO Inscritos VALUES (34298754,3,0);
INSERT INTO Inscritos VALUES (34576890,3,0);
INSERT INTO Inscritos VALUES (76438992,3,0);
INSERT INTO Inscritos VALUES (44685321,3,0);
INSERT INTO Inscritos VALUES (53289007,4,0);
INSERT INTO Inscritos VALUES (35637819,4,0);
INSERT INTO Inscritos VALUES (38627349,5,0);
INSERT INTO Inscritos VALUES (34298754,6,0);
INSERT INTO Inscritos VALUES (45672839,7,0);
INSERT INTO Inscritos VALUES (44685321,8,0);
INSERT INTO Inscritos VALUES (99560918,9,0);
INSERT INTO Inscritos VALUES (76438992,10,0);
INSERT INTO Inscritos VALUES (53289007,11,0);
INSERT INTO Inscritos VALUES (35637819,12,0);
INSERT INTO Inscritos VALUES (56482919,13,0);
INSERT INTO Inscritos VALUES (19834572,14,0);
INSERT INTO Inscritos VALUES (34576890,15,0);



DROP TABLE Turma_disciplina;
CREATE TABLE Turma_disciplina (
	CodT Integer primary key,
	CodD Integer,
	foreign key (CodT) references Turma on delete restrict,
	foreign key (CodD) references Disciplinas on delete restrict
);

INSERT INTO Turma_disciplina VALUES (1,1);
INSERT INTO Turma_disciplina VALUES (2,1);
INSERT INTO Turma_disciplina VALUES (3,2);
INSERT INTO Turma_disciplina VALUES (4,3);
INSERT INTO Turma_disciplina VALUES (5,6);
INSERT INTO Turma_disciplina VALUES (6,6);
INSERT INTO Turma_disciplina VALUES (7,4);
INSERT INTO Turma_disciplina VALUES (8,4);
INSERT INTO Turma_disciplina VALUES (9,4);
INSERT INTO Turma_disciplina VALUES (10,4);
INSERT INTO Turma_disciplina VALUES (11,5);
INSERT INTO Turma_disciplina VALUES (12,5);
INSERT INTO Turma_disciplina VALUES (13,5);
INSERT INTO Turma_disciplina VALUES (14,5);
INSERT INTO Turma_disciplina VALUES (15,5);

DROP TABLE Professores_Turma;
CREATE TABLE Professores_Turma (
	BiP Integer,
	CodT Integer,
	primary key (BiP, CodT),
	foreign key (CodT) references Turma on delete restrict,
	foreign key (BiP) references Professores on delete restrict
);

INSERT INTO Professores_Turma VALUES (72664819,1);
INSERT INTO Professores_Turma VALUES (67183941,2);
INSERT INTO Professores_Turma VALUES (67183941,3);
INSERT INTO Professores_Turma VALUES (45667321,4);
INSERT INTO Professores_Turma VALUES (45667321,5);
INSERT INTO Professores_Turma VALUES (45667321,6);
INSERT INTO Professores_Turma VALUES (74625618,7);
INSERT INTO Professores_Turma VALUES (74625618,8);
INSERT INTO Professores_Turma VALUES (74625618,9);
INSERT INTO Professores_Turma VALUES (74625618,10);
INSERT INTO Professores_Turma VALUES (82764628,11);
INSERT INTO Professores_Turma VALUES (82764628,12);
INSERT INTO Professores_Turma VALUES (82764628,13);
INSERT INTO Professores_Turma VALUES (82764628,14);
INSERT INTO Professores_Turma VALUES (82764628,15);

DROP TABLE Aulas_turma;
CREATE TABLE Aulas_turma (
	CodT Integer,
	DataA timestamp,
	primary key (CodT,DataA),
	foreign key (CodT) references Turma on delete restrict
);

INSERT INTO Aulas_Turma VALUES (1,'2012-10-03 18:00:00');
INSERT INTO Aulas_Turma VALUES (1,'2012-10-10 18:00:00');
INSERT INTO Aulas_Turma VALUES (1,'2012-10-17 18:00:00');
INSERT INTO Aulas_Turma VALUES (1,'2012-10-24 18:00:00');
INSERT INTO Aulas_Turma VALUES (1,'2012-10-31 18:00:00');
INSERT INTO Aulas_Turma VALUES (1,'2012-11-07 18:00:00');
INSERT INTO Aulas_Turma VALUES (1,'2012-11-14 18:00:00');
INSERT INTO Aulas_Turma VALUES (1,'2012-11-21 18:00:00');
INSERT INTO Aulas_Turma VALUES (1,'2012-11-28 18:00:00');
INSERT INTO Aulas_Turma VALUES (1,'2012-12-05 18:00:00');
INSERT INTO Aulas_Turma VALUES (1,'2012-12-12 18:00:00');
INSERT INTO Aulas_Turma VALUES (1,'2012-12-19 18:00:00');
INSERT INTO Aulas_Turma VALUES (1,'2012-12-26 18:00:00');

INSERT INTO Aulas_Turma VALUES (2,'2012-10-03 18:00:00');
INSERT INTO Aulas_Turma VALUES (2,'2012-10-10 18:00:00');
INSERT INTO Aulas_Turma VALUES (2,'2012-10-17 18:00:00');
INSERT INTO Aulas_Turma VALUES (2,'2012-10-24 18:00:00');
INSERT INTO Aulas_Turma VALUES (2,'2012-10-31 18:00:00');
INSERT INTO Aulas_Turma VALUES (2,'2012-11-07 18:00:00');
INSERT INTO Aulas_Turma VALUES (2,'2012-11-14 18:00:00');
INSERT INTO Aulas_Turma VALUES (2,'2012-11-21 18:00:00');
INSERT INTO Aulas_Turma VALUES (2,'2012-11-28 18:00:00');
INSERT INTO Aulas_Turma VALUES (2,'2012-12-05 18:00:00');
INSERT INTO Aulas_Turma VALUES (2,'2012-12-12 18:00:00');
INSERT INTO Aulas_Turma VALUES (2,'2012-12-19 18:00:00');
INSERT INTO Aulas_Turma VALUES (2,'2012-12-26 18:00:00');

INSERT INTO Aulas_Turma VALUES (3,'2012-10-01 18:00:00');
INSERT INTO Aulas_Turma VALUES (3,'2012-10-08 18:00:00');
INSERT INTO Aulas_Turma VALUES (3,'2012-10-15 18:00:00');
INSERT INTO Aulas_Turma VALUES (3,'2012-10-22 18:00:00');
INSERT INTO Aulas_Turma VALUES (3,'2012-10-29 18:00:00');
INSERT INTO Aulas_Turma VALUES (3,'2012-11-05 18:00:00');
INSERT INTO Aulas_Turma VALUES (3,'2012-11-12 18:00:00');
INSERT INTO Aulas_Turma VALUES (3,'2012-11-19 18:00:00');
INSERT INTO Aulas_Turma VALUES (3,'2012-11-26 18:00:00');
INSERT INTO Aulas_Turma VALUES (3,'2012-12-03 18:00:00');
INSERT INTO Aulas_Turma VALUES (3,'2012-12-10 18:00:00');
INSERT INTO Aulas_Turma VALUES (3,'2012-12-17 18:00:00');
INSERT INTO Aulas_Turma VALUES (3,'2012-12-24 18:00:00');
INSERT INTO Aulas_Turma VALUES (3,'2012-12-31 18:00:00');

INSERT INTO Aulas_Turma VALUES (5,'2012-10-04 18:00:00');
INSERT INTO Aulas_Turma VALUES (5,'2012-10-11 18:00:00');
INSERT INTO Aulas_Turma VALUES (5,'2012-10-18 18:00:00');
INSERT INTO Aulas_Turma VALUES (5,'2012-10-25 18:00:00');
INSERT INTO Aulas_Turma VALUES (5,'2012-11-01 18:00:00');
INSERT INTO Aulas_Turma VALUES (5,'2012-11-08 18:00:00');
INSERT INTO Aulas_Turma VALUES (5,'2012-11-15 18:00:00');
INSERT INTO Aulas_Turma VALUES (5,'2012-11-22 18:00:00');
INSERT INTO Aulas_Turma VALUES (5,'2012-11-29 18:00:00');
INSERT INTO Aulas_Turma VALUES (5,'2012-12-06 18:00:00');
INSERT INTO Aulas_Turma VALUES (5,'2012-12-13 18:00:00');
INSERT INTO Aulas_Turma VALUES (5,'2012-12-20 18:00:00');
INSERT INTO Aulas_Turma VALUES (5,'2012-12-27 18:00:00');

INSERT INTO Aulas_Turma VALUES (6,'2012-10-04 19:00:00');
INSERT INTO Aulas_Turma VALUES (6,'2012-10-11 19:00:00');
INSERT INTO Aulas_Turma VALUES (6,'2012-10-18 19:00:00');
INSERT INTO Aulas_Turma VALUES (6,'2012-10-25 19:00:00');
INSERT INTO Aulas_Turma VALUES (6,'2012-11-01 19:00:00');
INSERT INTO Aulas_Turma VALUES (6,'2012-11-08 19:00:00');
INSERT INTO Aulas_Turma VALUES (6,'2012-11-15 19:00:00');
INSERT INTO Aulas_Turma VALUES (6,'2012-11-22 19:00:00');
INSERT INTO Aulas_Turma VALUES (6,'2012-11-29 19:00:00');
INSERT INTO Aulas_Turma VALUES (6,'2012-12-06 19:00:00');
INSERT INTO Aulas_Turma VALUES (6,'2012-12-13 19:00:00');
INSERT INTO Aulas_Turma VALUES (6,'2012-12-20 19:00:00');
INSERT INTO Aulas_Turma VALUES (6,'2012-12-27 19:00:00');

INSERT INTO Aulas_Turma VALUES (7,'2012-10-04 16:00:00');
INSERT INTO Aulas_Turma VALUES (7,'2012-10-11 16:00:00');
INSERT INTO Aulas_Turma VALUES (7,'2012-10-18 16:00:00');
INSERT INTO Aulas_Turma VALUES (7,'2012-10-25 16:00:00');
INSERT INTO Aulas_Turma VALUES (7,'2012-11-01 16:00:00');
INSERT INTO Aulas_Turma VALUES (7,'2012-11-08 16:00:00');
INSERT INTO Aulas_Turma VALUES (7,'2012-11-15 16:00:00');
INSERT INTO Aulas_Turma VALUES (7,'2012-11-22 16:00:00');
INSERT INTO Aulas_Turma VALUES (7,'2012-11-29 16:00:00');
INSERT INTO Aulas_Turma VALUES (7,'2012-12-06 16:00:00');
INSERT INTO Aulas_Turma VALUES (7,'2012-12-13 16:00:00');
INSERT INTO Aulas_Turma VALUES (7,'2012-12-20 16:00:00');
INSERT INTO Aulas_Turma VALUES (7,'2012-12-27 16:00:00');

INSERT INTO Aulas_Turma VALUES (8,'2012-10-04 17:00:00');
INSERT INTO Aulas_Turma VALUES (8,'2012-10-11 17:00:00');
INSERT INTO Aulas_Turma VALUES (8,'2012-10-18 17:00:00');
INSERT INTO Aulas_Turma VALUES (8,'2012-10-25 17:00:00');
INSERT INTO Aulas_Turma VALUES (8,'2012-11-01 17:00:00');
INSERT INTO Aulas_Turma VALUES (8,'2012-11-08 17:00:00');
INSERT INTO Aulas_Turma VALUES (8,'2012-11-15 17:00:00');
INSERT INTO Aulas_Turma VALUES (8,'2012-11-22 17:00:00');
INSERT INTO Aulas_Turma VALUES (8,'2012-11-29 17:00:00');
INSERT INTO Aulas_Turma VALUES (8,'2012-12-06 17:00:00');
INSERT INTO Aulas_Turma VALUES (8,'2012-12-13 17:00:00');
INSERT INTO Aulas_Turma VALUES (8,'2012-12-20 17:00:00');
INSERT INTO Aulas_Turma VALUES (8,'2012-12-27 17:00:00');

INSERT INTO Aulas_Turma VALUES (9,'2012-10-04 18:00:00');
INSERT INTO Aulas_Turma VALUES (9,'2012-10-11 18:00:00');
INSERT INTO Aulas_Turma VALUES (9,'2012-10-18 18:00:00');
INSERT INTO Aulas_Turma VALUES (9,'2012-10-25 18:00:00');
INSERT INTO Aulas_Turma VALUES (9,'2012-11-01 18:00:00');
INSERT INTO Aulas_Turma VALUES (9,'2012-11-08 18:00:00');
INSERT INTO Aulas_Turma VALUES (9,'2012-11-15 18:00:00');
INSERT INTO Aulas_Turma VALUES (9,'2012-11-22 18:00:00');
INSERT INTO Aulas_Turma VALUES (9,'2012-11-29 18:00:00');
INSERT INTO Aulas_Turma VALUES (9,'2012-12-06 18:00:00');
INSERT INTO Aulas_Turma VALUES (9,'2012-12-13 18:00:00');
INSERT INTO Aulas_Turma VALUES (9,'2012-12-20 18:00:00');
INSERT INTO Aulas_Turma VALUES (9,'2012-12-27 18:00:00');

INSERT INTO Aulas_Turma VALUES (10,'2012-10-04 19:00:00');
INSERT INTO Aulas_Turma VALUES (10,'2012-10-11 19:00:00');
INSERT INTO Aulas_Turma VALUES (10,'2012-10-18 19:00:00');
INSERT INTO Aulas_Turma VALUES (10,'2012-10-25 19:00:00');
INSERT INTO Aulas_Turma VALUES (10,'2012-11-01 19:00:00');
INSERT INTO Aulas_Turma VALUES (10,'2012-11-08 19:00:00');
INSERT INTO Aulas_Turma VALUES (10,'2012-11-15 19:00:00');
INSERT INTO Aulas_Turma VALUES (10,'2012-11-22 19:00:00');
INSERT INTO Aulas_Turma VALUES (10,'2012-11-29 19:00:00');
INSERT INTO Aulas_Turma VALUES (10,'2012-12-06 19:00:00');
INSERT INTO Aulas_Turma VALUES (10,'2012-12-13 19:00:00');
INSERT INTO Aulas_Turma VALUES (10,'2012-12-20 19:00:00');
INSERT INTO Aulas_Turma VALUES (10,'2012-12-27 19:00:00');

INSERT INTO Aulas_Turma VALUES (11,'2012-10-06 09:00:00');
INSERT INTO Aulas_Turma VALUES (11,'2012-10-13 09:00:00');
INSERT INTO Aulas_Turma VALUES (11,'2012-10-20 09:00:00');
INSERT INTO Aulas_Turma VALUES (11,'2012-10-27 09:00:00');
INSERT INTO Aulas_Turma VALUES (11,'2012-11-03 09:00:00');
INSERT INTO Aulas_Turma VALUES (11,'2012-11-10 09:00:00');
INSERT INTO Aulas_Turma VALUES (11,'2012-11-17 09:00:00');
INSERT INTO Aulas_Turma VALUES (11,'2012-11-24 09:00:00');
INSERT INTO Aulas_Turma VALUES (11,'2012-12-01 09:00:00');
INSERT INTO Aulas_Turma VALUES (11,'2012-12-08 09:00:00');
INSERT INTO Aulas_Turma VALUES (11,'2012-12-15 09:00:00');
INSERT INTO Aulas_Turma VALUES (11,'2012-12-22 09:00:00');
INSERT INTO Aulas_Turma VALUES (11,'2012-12-29 09:00:00');

INSERT INTO Aulas_Turma VALUES (12,'2012-10-06 10:00:00');
INSERT INTO Aulas_Turma VALUES (12,'2012-10-13 10:00:00');
INSERT INTO Aulas_Turma VALUES (12,'2012-10-20 10:00:00');
INSERT INTO Aulas_Turma VALUES (12,'2012-10-27 10:00:00');
INSERT INTO Aulas_Turma VALUES (12,'2012-11-03 10:00:00');
INSERT INTO Aulas_Turma VALUES (12,'2012-11-10 10:00:00');
INSERT INTO Aulas_Turma VALUES (12,'2012-11-17 10:00:00');
INSERT INTO Aulas_Turma VALUES (12,'2012-11-24 10:00:00');
INSERT INTO Aulas_Turma VALUES (12,'2012-12-01 10:00:00');
INSERT INTO Aulas_Turma VALUES (12,'2012-12-08 10:00:00');
INSERT INTO Aulas_Turma VALUES (12,'2012-12-15 10:00:00');
INSERT INTO Aulas_Turma VALUES (12,'2012-12-22 10:00:00');
INSERT INTO Aulas_Turma VALUES (12,'2012-12-29 10:00:00');

INSERT INTO Aulas_Turma VALUES (13,'2012-10-06 11:00:00');
INSERT INTO Aulas_Turma VALUES (13,'2012-10-13 11:00:00');
INSERT INTO Aulas_Turma VALUES (13,'2012-10-20 11:00:00');
INSERT INTO Aulas_Turma VALUES (13,'2012-10-27 11:00:00');
INSERT INTO Aulas_Turma VALUES (13,'2012-11-03 11:00:00');
INSERT INTO Aulas_Turma VALUES (13,'2012-11-10 11:00:00');
INSERT INTO Aulas_Turma VALUES (13,'2012-11-17 11:00:00');
INSERT INTO Aulas_Turma VALUES (13,'2012-11-24 11:00:00');
INSERT INTO Aulas_Turma VALUES (13,'2012-12-01 11:00:00');
INSERT INTO Aulas_Turma VALUES (13,'2012-12-08 11:00:00');
INSERT INTO Aulas_Turma VALUES (13,'2012-12-15 11:00:00');
INSERT INTO Aulas_Turma VALUES (13,'2012-12-22 11:00:00');
INSERT INTO Aulas_Turma VALUES (13,'2012-12-29 11:00:00');

INSERT INTO Aulas_Turma VALUES (14,'2012-10-06 12:00:00');
INSERT INTO Aulas_Turma VALUES (14,'2012-10-13 12:00:00');
INSERT INTO Aulas_Turma VALUES (14,'2012-10-20 12:00:00');
INSERT INTO Aulas_Turma VALUES (14,'2012-10-27 12:00:00');
INSERT INTO Aulas_Turma VALUES (14,'2012-11-03 12:00:00');
INSERT INTO Aulas_Turma VALUES (14,'2012-11-10 12:00:00');
INSERT INTO Aulas_Turma VALUES (14,'2012-11-17 12:00:00');
INSERT INTO Aulas_Turma VALUES (14,'2012-11-24 12:00:00');
INSERT INTO Aulas_Turma VALUES (14,'2012-12-01 12:00:00');
INSERT INTO Aulas_Turma VALUES (14,'2012-12-08 12:00:00');
INSERT INTO Aulas_Turma VALUES (14,'2012-12-15 12:00:00');
INSERT INTO Aulas_Turma VALUES (14,'2012-12-22 12:00:00');
INSERT INTO Aulas_Turma VALUES (14,'2012-12-29 12:00:00');

INSERT INTO Aulas_Turma VALUES (15,'2012-10-06 14:00:00');
INSERT INTO Aulas_Turma VALUES (15,'2012-10-13 14:00:00');
INSERT INTO Aulas_Turma VALUES (15,'2012-10-20 14:00:00');
INSERT INTO Aulas_Turma VALUES (15,'2012-10-27 14:00:00');
INSERT INTO Aulas_Turma VALUES (15,'2012-11-03 14:00:00');
INSERT INTO Aulas_Turma VALUES (15,'2012-11-10 14:00:00');
INSERT INTO Aulas_Turma VALUES (15,'2012-11-17 14:00:00');
INSERT INTO Aulas_Turma VALUES (15,'2012-11-24 14:00:00');
INSERT INTO Aulas_Turma VALUES (15,'2012-12-01 14:00:00');
INSERT INTO Aulas_Turma VALUES (15,'2012-12-08 14:00:00');
INSERT INTO Aulas_Turma VALUES (15,'2012-12-15 14:00:00');
INSERT INTO Aulas_Turma VALUES (15,'2012-12-22 14:00:00');
INSERT INTO Aulas_Turma VALUES (15,'2012-12-29 14:00:00');
